StartDate,EndDate,Status,IPAddress,Progress,Duration (in seconds),Finished,RecordedDate,ResponseId,RecipientLastName,RecipientFirstName,RecipientEmail,ExternalReference,LocationLatitude,LocationLongitude,DistributionChannel,UserLanguage,Last Seen Flow Element ID,Last Seen Question IDs,pname,ptype,glist1,glist2,glistmix,friendship,advice,design,lobby,implement,picklogic 
StartDate,EndDate,Status,IPAddress,Progress,Duration (in seconds),Finished,RecordedDate,ResponseId,RecipientLastName,RecipientFirstName,RecipientEmail,ExternalReference,LocationLatitude,LocationLongitude,DistributionChannel,UserLanguage,Last Seen Flow Element ID,Last Seen Question IDs,pname,ptype,glist1,glist2,glistmix,friendship,advice,design,lobby,implement,picklogic 
"{""ImportId"":""StartDate""}","{""ImportId"":""EndDate""}","{""ImportId"":""Status""}","{""ImportId"":""IPAddress""}","{""ImportId"":""Progress""}","{""ImportId"":""Duration (in seconds)""}","{""ImportId"":""Finished""}","{""ImportId"":""RecordedDate""}","{""ImportId"":""ResponseId""}","{""ImportId"":""RecipientLastName""}","{""ImportId"":""RecipientFirstName""}","{""ImportId"":""RecipientEmail""}","{""ImportId"":""ExternalReference""}","{""ImportId"":""LocationLatitude""}","{""ImportId"":""LocationLongitude""}","{""ImportId"":""DistributionChannel""}","{""ImportId"":""UserLanguage""}","{""ImportId"":""Last Seen Flow Element ID""}","{""ImportId"":""Last Seen Question IDs""}","{""ImportId"":""pname""}","{""ImportId"":""ptype""}","{""ImportId"":""glist1""}","{""ImportId"":""glist2""}","{""ImportId"":""glistmix""}","{""ImportId"":""friendship""}","{""ImportId"":""advice""}","{""ImportId"":""design""}","{""ImportId"":""lobby""}","{""ImportId"":""implement""}","{""ImportId"":""picklogic ""}"
,,,,100,,True,,,,,,,,,preview,,,,,,,,,,,,,,
2026-01-10 09:00:00,2026-01-10 09:12:00,IP Address,,100,720,True,2026-01-10 09:12:01,R_example_001,Sharma,Priya,priya.sharma@example.edu,,,,email,EN-GB,FL_EOS_ID,,Example launch party,"MIXER. For 20-30; a stand-up dining buffet with great food; a bar serving beer, wine, and soft drinks; and a sound system for play-your-own music.",TIGHT. Only your best and closest friends.,,,"Elena Petrova,Tobias Weber,Liam O'Connor,Yuki Tanaka,Amara Nwosu,Hana Kobayashi","Noah Bergström,Hana Kobayashi,Liam O'Connor,Amara Nwosu","Marco Rossi,Liam O'Connor,Yuki Tanaka,Elena Petrova,Hana Kobayashi","Yuki Tanaka,Marco Rossi,Ravi Patel,Amara Nwosu","Elena Petrova,Liam O'Connor,Hana Kobayashi,Yuki Tanaka,Marco Rossi",
2026-01-10 09:00:00,2026-01-10 09:12:00,IP Address,,100,720,True,2026-01-10 09:12:01,R_example_002,O'Connor,Liam,liam.o'connor@example.edu,,,,email,EN-GB,FL_EOS_ID,,Example launch party,"PARTY! For 50-100; servers offering finger food; a bar serving beer, wine and soft drinks; and a dance floor with a professional DJ.",EXPANSIVE. A cool mix of people who do not (yet!) know each other well.,,,"Hana Kobayashi,Priya Sharma,Ravi Patel,Tobias Weber,Elena Petrova,Grace Mensah","Marco Rossi,Priya Sharma,Amara Nwosu,Fatima Al-Sayed","Chidinma Okoro,Elena Petrova,Fatima Al-Sayed,Amara Nwosu,Yuki Tanaka","Hana Kobayashi,Chidinma Okoro,Amara Nwosu,Fatima Al-Sayed","Yuki Tanaka,Hana Kobayashi,Grace Mensah,Marco Rossi,Noah Bergström",
2026-01-10 09:00:00,2026-01-10 09:12:00,IP Address,,100,720,True,2026-01-10 09:12:01,R_example_003,Tanaka,Yuki,yuki.tanaka@example.edu,,,,email,EN-GB,FL_EOS_ID,,Example launch party,"COZY. For up to 12; a sit-down dinner with table service, white linens, excellent food and drinks, and a sound system for play-your-own music.",EXPANSIVE. A cool mix of people who do not (yet!) know each other well.,,,"Grace Mensah,Liam O'Connor,Hana Kobayashi,Priya Sharma,Marco Rossi,Diego Fernandez","Tobias Weber,Amara Nwosu,Elena Petrova,Noah Bergström","Diego Fernandez,Hana Kobayashi,Ravi Patel,Noah Bergström,Chidinma Okoro","Marco Rossi,Fatima Al-Sayed,Ravi Patel,Liam O'Connor","Hana Kobayashi,Chidinma Okoro,Amara Nwosu,Diego Fernandez,Noah Bergström",
2026-01-10 09:00:00,2026-01-10 09:12:00,IP Address,,100,720,True,2026-01-10 09:12:01,R_example_004,Al-Sayed,Fatima,fatima.al-sayed@example.edu,,,,email,EN-GB,FL_EOS_ID,,Example launch party,"PARTY! For 50-100; servers offering finger food; a bar serving beer, wine and soft drinks; and a dance floor with a professional DJ.",EXCLUSIVE. The most famous or influential people you can attract.,,,"Chidinma Okoro,Hana Kobayashi,Liam O'Connor,Tobias Weber,Amara Nwosu,Elena Petrova","Yuki Tanaka,Noah Bergström,Ravi Patel,Diego Fernandez","Elena Petrova,Priya Sharma,Tobias Weber,Liam O'Connor,Amara Nwosu","Hana Kobayashi,Noah Bergström,Grace Mensah,Tobias Weber","Hana Kobayashi,Diego Fernandez,Ravi Patel,Grace Mensah,Liam O'Connor",
2026-01-10 09:00:00,2026-01-10 09:12:00,IP Address,,62,720,False,2026-01-10 09:12:01,R_example_005,Rossi,Marco,marco.rossi@example.edu,,,,email,EN-GB,FL_EOS_ID,,Example launch party,"COZY. For up to 12; a sit-down dinner with table service, white linens, excellent food and drinks, and a sound system for play-your-own music.",EXCLUSIVE. The most famous or influential people you can attract.,,,"Diego Fernandez,Grace Mensah,Tobias Weber,Liam O'Connor,Priya Sharma,Chidinma Okoro","Tobias Weber,Hana Kobayashi,Ravi Patel,Diego Fernandez","Chidinma Okoro,Grace Mensah,Elena Petrova,Noah Bergström,Priya Sharma","Diego Fernandez,Noah Bergström,Yuki Tanaka,Hana Kobayashi","Liam O'Connor,Diego Fernandez,Priya Sharma,Fatima Al-Sayed,Chidinma Okoro",
2026-01-10 09:00:00,2026-01-10 09:12:00,IP Address,,100,720,True,2026-01-10 09:12:01,R_example_006,Okoro,Chidinma,chidinma.okoro@example.edu,,,,email,EN-GB,FL_EOS_ID,,Example launch party,"COZY. For up to 12; a sit-down dinner with table service, white linens, excellent food and drinks, and a sound system for play-your-own music.",EXPANSIVE. A cool mix of people who do not (yet!) know each other well.,,,"Fatima Al-Sayed,Elena Petrova,Grace Mensah,Diego Fernandez,Liam O'Connor,Yuki Tanaka","Diego Fernandez,Elena Petrova,Amara Nwosu,Marco Rossi","Yuki Tanaka,Elena Petrova,Amara Nwosu,Marco Rossi,Grace Mensah","Noah Bergström,Tobias Weber,Elena Petrova,Fatima Al-Sayed","Yuki Tanaka,Liam O'Connor,Ravi Patel,Tobias Weber,Fatima Al-Sayed",
2026-01-10 09:00:00,2026-01-10 09:12:00,IP Address,,100,720,True,2026-01-10 09:12:01,R_example_007,Bergström,Noah,noah.bergström@example.edu,,,,email,EN-GB,FL_EOS_ID,,Example launch party,"PARTY! For 50-100; servers offering finger food; a bar serving beer, wine and soft drinks; and a dance floor with a professional DJ.",TIGHT. Only your best and closest friends.,,,"Priya Sharma,Diego Fernandez,Hana Kobayashi,Yuki Tanaka,Marco Rossi,Amara Nwosu","Priya Sharma,Yuki Tanaka,Elena Petrova,Amara Nwosu","Chidinma Okoro,Hana Kobayashi,Grace Mensah,Ravi Patel,Yuki Tanaka","Grace Mensah,Amara Nwosu,Hana Kobayashi,Priya Sharma","Diego Fernandez,Tobias Weber,Amara Nwosu,Elena Petrova,Hana Kobayashi",
2026-01-10 09:00:00,2026-01-10 09:12:00,IP Address,,100,720,True,2026-01-10 09:12:01,R_example_008,Petrova,Elena,elena.petrova@example.edu,,,,email,EN-GB,FL_EOS_ID,,Example launch party,"MIXER. For 20-30; a stand-up dining buffet with great food; a bar serving beer, wine, and soft drinks; and a sound system for play-your-own music.",EXCLUSIVE. The most famous or influential people you can attract.,,,"Liam O'Connor,Diego Fernandez,Tobias Weber,Noah Bergström,Priya Sharma,Fatima Al-Sayed","Liam O'Connor,Fatima Al-Sayed,Diego Fernandez,Yuki Tanaka","Liam O'Connor,Chidinma Okoro,Hana Kobayashi,Priya Sharma,Ravi Patel","Priya Sharma,Hana Kobayashi,Yuki Tanaka,Amara Nwosu","Liam O'Connor,Chidinma Okoro,Hana Kobayashi,Priya Sharma,Ravi Patel",
2026-01-10 09:00:00,2026-01-10 09:12:00,IP Address,,100,720,True,2026-01-10 09:12:01,R_example_009,Fernandez,Diego,diego.fernandez@example.edu,,,,email,EN-GB,FL_EOS_ID,,Example launch party,"COZY. For up to 12; a sit-down dinner with table service, white linens, excellent food and drinks, and a sound system for play-your-own music.",EXPANSIVE. A cool mix of people who do not (yet!) know each other well.,,,"Noah Bergström,Yuki Tanaka,Tobias Weber,Marco Rossi,Chidinma Okoro,Amara Nwosu","Elena Petrova,Liam O'Connor,Grace Mensah,Ravi Patel","Elena Petrova,Ravi Patel,Grace Mensah,Marco Rossi,Liam O'Connor","Yuki Tanaka,Liam O'Connor,Chidinma Okoro,Marco Rossi","Elena Petrova,Grace Mensah,Yuki Tanaka,Amara Nwosu,Priya Sharma",
2026-01-10 09:00:00,2026-01-10 09:12:00,IP Address,,100,720,True,2026-01-10 09:12:01,R_example_010,Nwosu,Amara,amara.nwosu@example.edu,,,,email,EN-GB,FL_EOS_ID,,Example launch party,"COZY. For up to 12; a sit-down dinner with table service, white linens, excellent food and drinks, and a sound system for play-your-own music.",EXPANSIVE. A cool mix of people who do not (yet!) know each other well.,,,"Chidinma Okoro,Yuki Tanaka,Diego Fernandez,Priya Sharma,Tobias Weber,Marco Rossi","Tobias Weber,Liam O'Connor,Marco Rossi,Diego Fernandez","Chidinma Okoro,Yuki Tanaka,Ravi Patel,Fatima Al-Sayed,Diego Fernandez","Diego Fernandez,Ravi Patel,Chidinma Okoro,Fatima Al-Sayed","Hana Kobayashi,Fatima Al-Sayed,Grace Mensah,Noah Bergström,Tobias Weber",
2026-01-10 09:00:00,2026-01-10 09:12:00,IP Address,,100,720,True,2026-01-10 09:12:01,R_example_011,Kobayashi,Hana,hana.kobayashi@example.edu,,,,email,EN-GB,FL_EOS_ID,,Example launch party,"COZY. For up to 12; a sit-down dinner with table service, white linens, excellent food and drinks, and a sound system for play-your-own music.",EXPANSIVE. A cool mix of people who do not (yet!) know each other well.,,,"Elena Petrova,Chidinma Okoro,Priya Sharma,Tobias Weber,Marco Rossi,Ravi Patel","Marco Rossi,Fatima Al-Sayed,Amara Nwosu,Chidinma Okoro","Elena Petrova,Grace Mensah,Chidinma Okoro,Tobias Weber,Liam O'Connor","Fatima Al-Sayed,Liam O'Connor,Ravi Patel,Elena Petrova","Fatima Al-Sayed,Chidinma Okoro,Ravi Patel,Elena Petrova,Priya Sharma",
2026-01-10 09:00:00,2026-01-10 09:12:00,IP Address,,100,720,True,2026-01-10 09:12:01,R_example_012,Weber,Tobias,tobias.weber@example.edu,,,,email,EN-GB,FL_EOS_ID,,Example launch party,"MIXER. For 20-30; a stand-up dining buffet with great food; a bar serving beer, wine, and soft drinks; and a sound system for play-your-own music.",EXPANSIVE. A cool mix of people who do not (yet!) know each other well.,,,"Chidinma Okoro,Hana Kobayashi,Liam O'Connor,Grace Mensah,Noah Bergström,Fatima Al-Sayed","Elena Petrova,Yuki Tanaka,Noah Bergström,Chidinma Okoro","Liam O'Connor,Grace Mensah,Noah Bergström,Elena Petrova,Hana Kobayashi","Grace Mensah,Liam O'Connor,Yuki Tanaka,Hana Kobayashi","Yuki Tanaka,Priya Sharma,Ravi Patel,Amara Nwosu,Elena Petrova",
2026-01-10 09:00:00,2026-01-10 09:12:00,IP Address,,100,720,True,2026-01-10 09:12:01,R_example_013,Mensah,Grace,grace.mensah@example.edu,,,,email,EN-GB,FL_EOS_ID,,Example launch party,"PARTY! For 50-100; servers offering finger food; a bar serving beer, wine and soft drinks; and a dance floor with a professional DJ.",TIGHT. Only your best and closest friends.,,,"Amara Nwosu,Ravi Patel,Elena Petrova,Chidinma Okoro,Yuki Tanaka,Diego Fernandez","Priya Sharma,Ravi Patel,Hana Kobayashi,Liam O'Connor","Diego Fernandez,Tobias Weber,Yuki Tanaka,Noah Bergström,Fatima Al-Sayed","Fatima Al-Sayed,Priya Sharma,Marco Rossi,Ravi Patel","Marco Rossi,Diego Fernandez,Fatima Al-Sayed,Amara Nwosu,Chidinma Okoro",
2026-01-10 09:00:00,2026-01-10 09:12:00,IP Address,,100,720,True,2026-01-10 09:12:01,R_example_014,Patel,Ravi,ravi.patel@example.edu,,,,email,EN-GB,FL_EOS_ID,,Example launch party,"MIXER. For 20-30; a stand-up dining buffet with great food; a bar serving beer, wine, and soft drinks; and a sound system for play-your-own music.",EXPANSIVE. A cool mix of people who do not (yet!) know each other well.,,,"Noah Bergström,Yuki Tanaka,Priya Sharma,Chidinma Okoro,Elena Petrova,Grace Mensah","Diego Fernandez,Yuki Tanaka,Grace Mensah,Tobias Weber","Diego Fernandez,Grace Mensah,Priya Sharma,Elena Petrova,Yuki Tanaka","Amara Nwosu,Priya Sharma,Yuki Tanaka,Hana Kobayashi","Yuki Tanaka,Elena Petrova,Amara Nwosu,Liam O'Connor,Diego Fernandez",
